{"cameraMode":{"drawMode":0,"name":"Shaded","section":"Shading Mode"},"sceneLighting":false,"audioPlay":false,"sceneViewState":{"m_AlwaysRefresh":false,"showFog":false,"showSkybox":false,"showFlares":false,"showImageEffects":false,"showParticleSystems":false,"showVisualEffectGraphs":true,"m_FxEnabled":true},"in2DMode":false,"pivot":{"x":0.31336021423339846,"y":1.1942691802978516,"z":1.2524693012237549},"rotation":{"x":0.027204539626836778,"y":-0.970398485660553,"z":0.20075401663780213,"w":0.13150252401828767},"size":1.124599814414978,"orthographic":false}