{"cameraMode":{"drawMode":0,"name":"Shaded","section":"Shading Mode"},"sceneLighting":false,"audioPlay":false,"sceneViewState":{"m_AlwaysRefresh":false,"showFog":false,"showSkybox":false,"showFlares":false,"showImageEffects":false,"showParticleSystems":false,"showVisualEffectGraphs":true,"m_FxEnabled":true},"in2DMode":false,"pivot":{"x":0.08800233900547028,"y":2.034533977508545,"z":-1.5923432111740113},"rotation":{"x":0.003656543791294098,"y":-0.9849393367767334,"z":-0.17160755395889283,"w":-0.020988883450627328},"size":0.9834257364273071,"orthographic":false}